id,ox,oy,dx,dy,ori_cluster
0,438729.6132,4423583.256,441069.7611,4421516.802,1
1,438811.4998,4423598.533,441088.7848,4421513.418,1
2,438710.0431,4423523.457,441176.8648,4421475.366,1
3,438723.6267,4423545.403,441020.7022,4421475.185,1
4,438819.7565,4423551.312,441197.3618,4421473.185,1
5,438702.4923,4423581.815,441080.2511,4421475.242,1
6,438748.3082,4423503.833,441192.5567,4421465.046,1
7,438768.0401,4423546.105,441196.0536,4421478.628,1
8,438821.4856,4423587.801,441154.3704,4421480.258,1
9,438758.5129,4423597.634,441026.3934,4421504.274,1
10,438733.2297,4423569.709,441132.6624,4421478.811,1
11,438821.3238,4423531.539,441072.3881,4421504.129,1
12,438822.589,4423563.811,441119.4611,4421485.111,1
13,438730.6387,4423570.041,441145.8118,4421503.188,1
14,438799.1182,4423598.319,441163.5216,4421516.577,1
15,438737.7306,4423518.294,441111.0096,4421489.558,1
16,438833.2193,4423526.229,441097.1067,4421470.981,1
17,438753.7911,4423594.728,441096.2426,4421474.517,1
18,438765.2253,4423586.855,441123.244,4421518.47,1
19,438771.8426,4423577.189,441154.3598,4421512.485,1
20,438734.7257,4423537.484,441145.9,4421495.141,1
21,438830.5013,4423573.274,441139.2491,4421507.766,1
22,438764.4344,4423590.402,441126.7208,4421511.273,1
23,438705.6824,4423546.694,441156.8201,4421508.563,1
24,438760.9138,4423561.091,441136.3149,4421496.427,1
25,438824.3584,4423582.245,441026.3503,4421478.989,1
26,438764.4861,4423520.486,441072.0979,4421505.353,1
27,438843.3816,4423575.507,441093.6898,4421518.07,1
28,438748.4018,4423563.179,441146.2134,4421496.222,1
29,438741.7607,4423559.903,441010.647,4421495.04,1
30,438794.833,4423514.878,441140.887,4421479.774,1
31,438756.9229,4423531.096,441001.1417,4421502.803,1
32,438763.9625,4423559.512,441144.0716,4421488.96,1
33,438738.2451,4423574.877,441084.7491,4421472.682,1
34,438826.5241,4423502.98,441068.7537,4421517.559,1
35,438776.2243,4423572.767,441159.9996,4421491.89,1
36,438789.6675,4423562.787,441138.9286,4421478.765,1
37,438818.5157,4423548.548,441112.9032,4421494.947,1
38,438847.6201,4423539.987,441118.1857,4421461.505,1
39,438807.8225,4423525.89,441118.6237,4421500.249,1
40,438777.4583,4423529.96,441138.1351,4421486.934,1
41,438841.1387,4423545.643,441176.8552,4421473.243,1
42,438805.2221,4423598.974,441134.7274,4421495.39,1
43,438756.1696,4423544.506,441080.0795,4421512.563,1
44,438836.9711,4423540.01,441116.8968,4421494.841,1
45,438754.3268,4423567.256,441162.8989,4421509.503,1
46,438711.3487,4423556.285,441125.1236,4421463.38,1
47,438837.095,4423523.372,441113.949,4421518.247,1
48,438799.0913,4423523.653,441189.7506,4421510.038,1
49,438810.0457,4423564.398,441073.8565,4421495.02,1
50,438843.586,4423564.822,441192.7196,4421479.192,1
51,438725.1839,4423507.498,441157.6273,4421468,1
52,438825.8274,4423531.397,441058.1936,4421500.717,1
53,438771.199,4423573.843,441144.2106,4421482.638,1
54,438839.5842,4423555.97,441123.9132,4421465.573,1
55,438803.9703,4423581.434,441183.6226,4421508.123,1
56,438737.2862,4423521.102,441154.5365,4421478.263,1
57,438783.732,4423574.098,441037.1323,4421516.115,1
58,438795.1175,4423539.552,441080.7006,4421496.172,1
59,438768.6363,4423560.823,441178.2271,4421472.812,1
60,438746.6495,4423593.11,441095.8316,4421474.115,1
61,438816.8807,4423593.439,441079.4665,4421491.366,1
62,438847.6532,4423531.772,441033.3081,4421495.827,1
63,438779.5592,4423574.582,441116.8145,4421471.998,1
64,438774.4291,4423506.51,441100.1157,4421507.733,1
65,438794.4528,4423506.793,441178.3264,4421489.779,1
66,438832.0284,4423550.831,441019.0059,4421519.508,1
67,438725.8123,4423577.077,441022.0611,4421481.104,1
68,438758.244,4423589.789,441109.2387,4421482.035,1
69,438839.9238,4423505.097,441172.5417,4421492.886,1
70,438840.4746,4423545.732,441055.3548,4421466.973,1
71,438775.8536,4423519.539,441083.9538,4421496.915,1
72,438773.5964,4423585.955,441091.8594,4421517.164,1
73,438786.8762,4423501.78,441141.0472,4421501.025,1
74,438838.9986,4423547.705,441082.4521,4421490.782,1
75,438841.3267,4423587.876,441191.1301,4421511.38,1
76,438720.5406,4423590.131,441147.4672,4421498.438,1
77,438737.4325,4423501.271,441181.8026,4421502.261,1
78,438770.709,4423588.661,441064.6994,4421492.855,1
79,438725.5875,4423533.519,441126.4248,4421487.266,1
80,438777.1734,4423522.611,441157.3559,4421477.106,1
81,438842.4484,4423531.167,441173.3769,4421499.876,1
82,438787.8796,4423571.758,441182.7779,4421496.386,1
83,438826.6154,4423588.457,441107.3446,4421477.392,1
84,438740.5258,4423509.379,441061.9028,4421486.011,1
85,438749.6403,4423537.616,441075.3814,4421501.839,1
86,438764.4634,4423567.919,441104.6344,4421471.824,1
87,438799.3705,4423525.251,441028.8358,4421516.601,1
88,438810.9174,4423586.633,441181.239,4421464.027,1
89,438832.4594,4423583.764,441088.7324,4421511.507,1
90,438760.3028,4423572.639,441156.5388,4421519.965,1
91,438802.1907,4423588.008,441141.074,4421475.037,1
92,438806.8895,4423524.609,441003.4818,4421497.171,1
93,438826.98,4423518.564,441001.6582,4421514.093,1
94,438835.1566,4423503.402,441077.2185,4421500.18,1
95,438784.9523,4423546.267,441144.2154,4421480.699,1
96,438730.1174,4423536.776,441123.249,4421515.391,1
97,438794.5254,4423535.204,441069.8712,4421495.705,1
98,438705.4119,4423520.336,441100.7236,4421504.133,1
99,438790.7117,4423583.39,441114.131,4421512.954,1
100,443830.0034,4419831.643,438668.7614,4422018.815,0
101,443265.4634,4420470.527,438649.1195,4423920.954,0
102,440021.7477,4421284.029,439713.3422,4420416.852,0
103,438671.2706,4424043.492,443452.7651,4419727.854,0
104,438595.3376,4421299.514,443246.0917,4422930.314,0
105,438264.4897,4420039.828,439391.1826,4422195.715,0
106,442753.2455,4422219.828,437575.9401,4424141.847,0
107,440019.6301,4422303.224,443224.2811,4420206.191,0
108,439873.7734,4419900.778,441675.5623,4424630.38,0
109,438216.2795,4420354.891,440052.7726,4423713.946,0
110,439346.7419,4421277.849,444117.1347,4421521.719,0
111,441733.6322,4418906.229,443152.4048,4420120.892,0
112,442495.095,4423473.657,442155.8103,4421700.07,0
113,438669.4598,4424120.165,440482.9476,4420301.976,0
114,438662.4471,4421591.717,442597.8923,4421541.969,0
115,442564.6657,4419888.183,438644.7898,4423354.597,0
116,441128.0677,4424490.237,443534.9928,4422710.068,0
117,437650.0993,4421802.103,443856.5032,4418621.332,0
118,438656.3499,4421515.247,439764.3928,4420373.592,0
119,438432.4593,4422725.864,440466.7749,4424563.485,0
120,442586.2421,4420971.877,440485.0766,4423415.194,0
121,440521.024,4418581.336,443858.2815,4422228.237,0
122,439117.9207,4424066.82,442433.7857,4424350.423,0
123,443764.8129,4419150.967,440542.5021,4422962.691,0
124,443234.1831,4420577.261,444121.9802,4418617.619,0
125,442617.2333,4419415.146,443644.3007,4422584.167,0
126,444038.8388,4419260.973,439554.3513,4420998.489,0
127,443819.5384,4421686.835,438650.139,4423628.526,0
128,444108.6398,4422905.811,439557.6145,4421073.218,0
129,438930.382,4423887.534,443252.225,4423824.893,0
130,443261.6328,4422827.21,443535.1132,4422709.416,0
131,439541.5672,4418716.726,439314.6137,4422633.318,0
132,438347.1298,4421621.536,439932.6797,4421250.452,0
133,443195.0725,4424043.571,440814.2322,4424281.072,0
134,442297.9681,4422377.165,437837.5192,4421588.562,0
135,440041.2612,4423503.251,438857.7039,4421152.356,0
136,442634.9027,4419587.762,437897.6311,4424607.078,0
137,439122.7085,4423892.669,442118.4072,4421169.612,0
138,438776.0078,4421644,438473.2396,4420036.019,0
139,440369.4662,4424558.804,438852.8868,4423867.295,0
140,438387.6109,4421690.318,442980.2172,4422167.956,0
141,442719.7917,4418893.238,439208.0745,4419428.97,0
142,441340.5798,4418825.493,437630.2876,4421321.109,0
143,437697.7763,4421817.495,440247.3981,4423959.188,0
144,437757.1637,4423525.042,438834.7309,4423862.085,0
145,439192.8432,4422942.62,443333.8065,4422688.554,0
146,443014.6815,4422673.283,443353.4394,4419382.613,0
147,440007.0593,4424509.932,442099.242,4420145.809,0
148,440107.0521,4423473.197,440481.5662,4420223.071,0
149,440288.6548,4421287.57,439097.1091,4423654.566,0
150,442694.1747,4418993.191,442827.1225,4421553.44,0
151,440002.4953,4419568.566,441350.6658,4423700.252,0
152,440834.0281,4423657.823,440956.7674,4422189.658,0
153,442781.8602,4418866.129,440479.6017,4421351.73,0
154,442982.4633,4421858.446,438651.5404,4423832.392,0
155,443999.6205,4422671.287,437987.0832,4418641.714,0
156,442986.2057,4420292.068,442583.4178,4421231.423,0
157,438604.744,4418636.899,444114.5462,4419364.079,0
158,439207.5668,4419557.222,438001.7035,4420582.444,0
159,439556.5149,4421040.324,439286.9208,4420682.543,0
160,438806.7061,4421642.038,438671.0295,4422108.425,0
161,438660.3804,4424372.561,441847.2852,4421195.553,0
162,440522.607,4418784.632,439425.3072,4421587.792,0
163,443131.7968,4420121.443,438485.0762,4424417.466,0
164,443864.3098,4422131.547,440493.0951,4421207.179,0
165,439190.0274,4421263.813,439800.2264,4419017.104,0
166,439723.4427,4420409.51,444113.1651,4418998.497,0
167,438856.7069,4422496.926,438092.3081,4420582.681,0
168,443259.6417,4422822.561,442089.4939,4418619.373,0
169,438210.8276,4419564.903,441731.4179,4419141.574,0
170,439334.8531,4424696.384,443636.6115,4422500.824,0
171,443223.218,4418617.092,439477.5217,4424531.584,0
172,443079.8264,4423866.545,442688.1052,4424695.123,0
173,438599.7837,4419571.065,439425.7969,4421579.078,0
174,443421.6473,4421373.357,440115.4756,4421286.087,0
175,437617.6336,4419453.676,442662.9628,4418936.457,0
176,440537.5033,4422543.846,443591.1158,4418905.773,0
177,438211.242,4419721.804,439097.3403,4423654.569,0
178,439423.939,4421368.482,443409.732,4422340.445,0
179,439270.8876,4422197.919,439124.0142,4423892.519,0
180,443749.8839,4421150.025,438614.2397,4419732.647,0
181,437837.3353,4419853.999,438926.3805,4423964.54,0
182,442273.8434,4422377.348,442153.2002,4421700.097,0
183,440767.0896,4423636.257,443911.8016,4423584.685,0
184,439279.5927,4422954.489,443939.803,4419745.22,0
185,440244.1957,4422196.523,440438.301,4421279.539,0
186,438650.0946,4424052.858,439325.4629,4422362.427,0
187,437753.2975,4423601.279,443592.7954,4422875.427,0
188,439409.7807,4422195.757,437979.8891,4421774.562,0
189,439290.1003,4421279.486,437614.8731,4419453.698,0
190,443370.6707,4419486.106,441339.2269,4422815.452,0
191,439422.216,4421272.109,440076.9938,4423658.239,0
192,442509.688,4422264.12,443607.8012,4420920.862,0
193,442924.8308,4422809.69,443443.5996,4421157.446,0
194,443008.9212,4422541.721,440542.2574,4422993.778,0
195,442964.6324,4418918.975,442692.4541,4422800.986,0
196,438666.1563,4421867.809,443261.8699,4423070.493,0
197,439704.5173,4421251.359,443869.6741,4419270.657,0
198,443779.874,4422846.635,439127.9549,4422198.195,0
199,443028.7197,4421883.029,443577.1327,4418784.581,0
200,443563.5076,4419230.993,441348.7506,4423700.217,0
201,442056.6548,4423309.66,438923.4767,4423783.054,0
202,444008.4097,4419072.972,438645.1761,4422671.387,0
203,443182.8831,4419413.249,442815.2642,4419883.981,0
204,439743.6099,4421288.655,443367.0279,4419371.753,0
205,437673.0556,4421353.367,441080.7837,4422282.036,0
206,443397.5039,4421802.601,442540.8854,4418763.239,0
207,442716.8889,4422542.128,437846.6522,4418642.643,0
208,441636.559,4420008.491,441089.7285,4423687.08,0
209,438215.5345,4420262.837,437804.7043,4421811.783,0
210,442401.8486,4422820.434,444081.8018,4419144.99,0
211,439814.7475,4420026.248,443964.3235,4419269.962,0
212,438762.7535,4422710.376,440689.6569,4419433.023,0
213,439300.127,4420734.515,443741.4366,4418565.371,0
214,443278.8722,4422718.025,443325.8002,4423743.161,0
215,440237.5196,4422301.971,441547.4753,4424632.139,0
216,439212.0755,4424108.207,442760.055,4419997.309,0
217,442628.3018,4421414.342,440856.8881,4421708.772,0
218,438645.6866,4421394.178,438209.2995,4423196.933,0
219,438217.0606,4420567.63,441336.8911,4422676.545,0
220,443964.2611,4421525.824,442365.9079,4419584.852,0
221,439289.1321,4419607.078,439050.6405,4422197.873,0
222,442159.0828,4421540.176,440697.9303,4424287.582,0
223,439289.2242,4420667.786,438637.853,4421320.618,0
224,438689.7016,4419733.331,442761.6962,4421886.99,0
225,441486.5156,4420029.012,438360.164,4422606.824,0
226,443153.4461,4420120.864,439205.214,4419922.774,0
227,439004.1007,4419732.22,437657.3663,4423796.908,0
228,444009.4228,4419027.304,444113.1476,4419333.147,0
229,439662.001,4422757.816,439740.2833,4420398.051,0
230,438627.8627,4421280.375,439822.1229,4423603.396,0
231,442495.0632,4422598.143,442131.7747,4421173.472,0
232,442817.4235,4422540.786,442657.5344,4419422.14,0
233,441268.3341,4419816.22,438206.4195,4418897.765,0
234,443582.8579,4419978.404,440039.4317,4420042.127,0
235,440485.1997,4422322.967,439326.351,4421278.989,0
236,438347.4185,4421356.274,443400.9026,4421690.877,0
237,440534.297,4423260.846,441569.5636,4419998.961,0
238,438162.2107,4422676.25,442830.4734,4418923.614,0
239,442503.281,4423657.286,443866.9062,4418543.089,0
240,442411.2902,4419965.428,441736.5068,4418538.485,0
241,439377.3596,4422195.825,440829.77,4419431.554,0
242,438914.9813,4423813.112,444001.9091,4419606.623,0
243,439185.2513,4420524.635,441854.2959,4422239.007,0
244,439909.4575,4424282.865,439880.0701,4424311.069,0
245,443157.0008,4421548.668,439744.5745,4421557.637,0
246,439759.8983,4421963.963,439341.3746,4421739.635,0
247,440531.2573,4422046.397,443005.9083,4418918.405,0
248,437750.7308,4421822.912,439861.2395,4419587.477,0
249,440746.1305,4419864.094,439799.9594,4424339.917,0
250,443594.9112,4419274.937,439563.4309,4424428.58,0
251,439342.9401,4421221.096,439201.6383,4418598.882,0
252,440162.5196,4420926.634,440914.656,4422803.555,0
253,440902.9102,4422265.174,443865.2498,4422164.153,0
254,440828.9624,4424209.277,439188.6671,4423295.434,0
255,438864.1397,4419733.422,442587.1991,4421095.136,0
256,440041.4202,4422812.447,438391.7412,4423765.334,0
257,438123.6714,4421820.64,439196.5166,4420525.632,0
258,443877.7688,4423757.557,441748.1308,4423997.446,0
259,441455.0435,4421146.107,439215.468,4422198.446,0
260,443256.37,4423024.776,438982.2675,4423746.154,0
261,438219.2062,4420742.944,440195.867,4424002.374,0
262,439654.7884,4422196.513,442761.5332,4421916.098,0
263,441384.3228,4418777.75,439625.6905,4419612.302,0
264,441484.5751,4420028.536,439201.8316,4419731.499,0
265,442910.5006,4422778.859,437605.3448,4421196.915,0
266,439383.4988,4423017.39,443365.8672,4418821.341,0
267,439678.8011,4422758.173,441966.5812,4420144.949,0
268,443427.3027,4421302.338,441500.6023,4420025.992,0
269,443467.551,4420603.392,439588.0947,4424432.269,0
270,442987.4212,4420124.15,441784.9005,4423612.933,0
271,440664.6671,4423584.377,439248.3998,4419607.081,0
272,440796.6661,4423698.321,439018.2752,4419732.075,0
273,440538.4754,4423268.174,443472.4788,4420486.285,0
274,440703.7127,4423543.558,443415.0491,4422450.782,0
275,443174.8515,4421132.581,438599.6937,4421299.479,0
276,438645.6274,4423375.805,442551.5634,4421698.557,0
277,437599.0953,4420583.472,444083.6546,4423080.272,0
278,442586.3441,4421170.724,440876.9085,4423082.489,0
279,438562.3051,4423278.283,441425.4075,4419336.014,0
280,438873.5181,4423767.454,442579.48,4420615.429,0
281,439791.5284,4421718.975,439910.8295,4419438.219,0
282,440012.7843,4422196.449,443142.7791,4422709.195,0
283,442110.9732,4419790.232,442488.526,4422811.274,0
284,439745.1016,4423099.17,441953.3586,4418615.71,0
285,440362.3127,4423346.53,438015.0322,4420197.151,0
286,442572.2385,4421927.049,440036.9021,4423768.91,0
287,444112.6113,4419311.731,443748.3247,4418686.081,0
288,444058.306,4422691.431,440108.8666,4423701.51,0
289,438386.7867,4419732.702,442089.9212,4418865.905,0
290,440095.9381,4419438.635,439397.4722,4422195.631,0
291,440043.2199,4423759.854,441337.6678,4422933.764,0
292,440507.7851,4424222.242,443525.9405,4422903.715,0
293,440489.6683,4422194.552,439329.6257,4422195.671,0
294,440251.3921,4423840.705,442557.5504,4418865.705,0
295,441819.2387,4418537.558,439206.4707,4420204.958,0
296,439630.1219,4422341.065,439712.6807,4424485.368,0
297,442831.279,4421820.639,440010.8123,4419643.53,0
298,442490.2999,4423473.596,439945.3102,4424266.873,0
299,442827.2422,4421569.415,442931.011,4420137.144,0
300,440846.7102,4422189.605,441733.4049,4421198.429,0
301,439397.0903,4423017.741,442844.4959,4419407.843,0
302,438479.2836,4420035.957,442085.4242,4419115.243,0
303,442689.9892,4418997.053,442103.7333,4418627.059,0
304,443687.8856,4422684.461,440329.7566,4423362.475,0
305,443207.2578,4423896.595,440459.4621,4421308.226,0
306,440538.3527,4423272.686,441049.8231,4418878.139,0
307,438669.5225,4424208.544,438191.6662,4422542.442,0
308,438409.5228,4418637.509,440108.8706,4423701.516,0
309,440453.0047,4423759.953,441683.9546,4423741.258,0
310,440685.3214,4423644.598,438102.1309,4420197.279,0
311,443861.7298,4422164.179,442560.8564,4419959.185,0
312,443228.1931,4418708.799,443006.2325,4422267.85,0
313,440546.541,4420977.808,440008.6712,4419569.021,0
314,438654.1699,4421641.372,439748.2847,4420040.296,0
315,443290.9405,4419384.093,440467.8793,4424013.774,0
316,438210.6238,4419434.021,440952.1258,4422869.178,0
317,441348.7767,4418826.399,442215.4592,4422190.467,0
318,437757.2336,4420202.356,437610.6815,4421205.663,0
319,442405.5333,4422820.358,441050.2957,4419014.62,0
320,440530.7236,4421868.225,440349.2469,4421712.455,0
321,441740.0147,4419362.819,440542.7159,4422929.09,0
322,438985.5599,4423742.773,440485.5016,4421868.573,0
323,442988.0737,4420124.133,443285.3289,4423732.914,0
324,442160.3532,4422181.994,439078.6221,4420524.941,0
325,438854.3757,4421145.58,439202.0453,4423127.978,0
326,443745.0429,4424387.681,443592.2828,4419274.957,0
327,443562.9604,4419211.21,438110.3786,4421746.498,0
328,442635.3539,4419538.58,441904.6295,4422875.783,0
329,442515.1941,4422188.178,443330.2631,4420322.528,0
330,437581.5869,4424213.922,439224.6082,4423971.536,0
331,444116.0415,4423016.966,439674.0211,4420040.198,0
332,442766.2428,4423746.178,440054.3025,4423684.638,0
333,441567.3496,4424625.262,443744.2454,4424392.987,0
334,440086.8695,4423356.284,440110.1385,4422196.59,0
335,443834.6718,4419609.25,440827.2487,4423657.233,0
336,442638.3634,4419413.502,438451.5885,4421304.225,0
337,439866.2205,4424321.781,439111.8206,4423654.735,0
338,443227.1184,4420353.96,442995.5571,4419782.305,0
339,442327.8645,4421455.092,442642.5064,4419391.328,0
340,443906.7304,4418687.402,441842.6503,4422186.109,0
341,439775.8516,4422175.624,440120.6969,4419438.467,0
342,438509.9287,4420780.487,440018.1188,4423888.774,0
343,438205.9458,4418834.675,443635.1055,4418732.824,0
344,443074.8652,4422697.313,440541.2529,4423460.652,0
345,441716.3292,4423986.938,443609.5114,4421141.744,0
346,437927.9864,4424619.584,440297.2157,4420967.996,0
347,440882.7809,4422696.681,438193.9916,4422878.756,0
348,438610.3185,4420241.401,442990.7254,4420587.562,0
349,442119.0236,4421427.533,440010.5381,4424532.925,0
350,437759.369,4423494.755,439791.278,4422197.434,0
351,438210.8505,4419567.732,439682.1143,4420436.908,0
352,442084.8664,4418859.573,437779.0687,4423186.081,0
353,443070.4976,4420607.764,444127.6267,4419705.175,0
354,441252.46,4419816.82,443424.8585,4419612.91,0
355,443283.2061,4422716.967,442411.9922,4423480.687,0
356,442864.5797,4424081.009,443249.9129,4422970.312,0
357,439877.5571,4423079.622,439852.9882,4423548.327,0
358,442525.7042,4422179.678,442757.9668,4418946.191,0
359,443859.5495,4422239.814,441741.8855,4424060.246,0
360,439803.6033,4419287.794,440284.4289,4421287.527,0
361,441128.2613,4423924.29,439799.2442,4418780.418,0
362,441482.4362,4420027.694,440487.2634,4423223.13,0
363,438585,4421299.597,442625.9927,4419658.471,0
364,440471.8523,4423936.412,442551.435,4421785.222,0
365,442652.8718,4419050.487,438989.7871,4423763.968,0
366,439423.5748,4421335.584,441850.2716,4422720.434,0
367,438100.0962,4424648.283,441722.2312,4424306.144,0
368,443175.8362,4420361.372,442460.7591,4419905.659,0
369,443841.754,4420326.824,443504.6818,4422849.971,0
370,441640.97,4421702.785,440142.8677,4423179.707,0
371,440488.6838,4422496.871,439702.9835,4424482.864,0
372,443643.5716,4418989.361,441228.2787,4424495.361,0
373,438666.3414,4424045.246,443240.8264,4418845.389,0
374,443945.844,4419270.688,439410.3149,4422152.941,0
375,440525.9022,4420577.485,443499.9512,4424013.977,0
376,437885.8991,4423045.823,438589.7123,4421281.792,0
377,443386.5666,4418813.758,443525.9297,4422896.485,0
378,440143.0639,4422302.881,440483.5687,4423469.599,0
379,440486.9063,4422947.289,439741.8353,4421444.065,0
380,442089.0688,4423329.701,438256.8048,4421044.591,0
381,442908.4253,4422797.887,442547.2375,4419542.946,0
382,441457.6303,4421189.479,440475.2488,4419503.561,0
383,437770.1938,4423280.154,437689.2776,4420577.562,0
384,440488.5273,4422267.479,444002.8353,4421524.808,0
385,442643.2267,4419205.902,439701.1443,4419613.492,0
386,442832.8197,4422144.402,439743.0497,4421250.741,0
387,443223.1119,4423896.731,441335.3212,4422349.387,0
388,440542.0582,4423009.77,443037.8238,4423859.163,0
389,442853.0987,4418932.324,442119.7288,4421369.244,0
390,440135.0285,4423459.741,441677.5602,4423982.848,0
391,439717.1426,4422758.937,442990.85,4420604.243,0
392,439156.6033,4422946.861,443038.3732,4423936.894,0
393,444142.6596,4419365.519,443197.4418,4421133.508,0
394,442990.7263,4420587.689,439719.3632,4424377.438,0
395,443829.0562,4423071.48,442761.6594,4421932.919,0
396,444093.2782,4423015.146,442684.4212,4418919.749,0
397,444074.3993,4423010.584,442643.9819,4419076.63,0
398,437646.4086,4423797.033,441558.7128,4418615.888,0
399,439415.9556,4420971.425,442321.5826,4422566.861,0
400,439997.9445,4422763.503,443675.2179,4418716.108,0
401,440485.9505,4423372.236,437802.1021,4421323.563,0
402,441627.375,4419806.732,441637.7758,4418609.105,0
403,438905.2488,4423296.261,439523.4798,4420888.195,0
404,438316.901,4421147.278,438978.3877,4421292.493,0
405,443775.4263,4419921.83,443252.825,4418843.797,0
406,437837.5794,4421595.95,444009.4397,4419027.522,0
407,437758.0638,4423349.756,439814.8,4420015.695,0
408,442987.9098,4420325.033,438240.4573,4423768.875,0
409,438666.4527,4421904.688,438654.0663,4421488.814,0
410,440448.4265,4421229.463,440477.2141,4419884.593,0
411,443359.1769,4419338.155,444078.317,4423125.028,0
412,443330.253,4420321.157,439738.7403,4421367.06,0
413,441271.0765,4424499.16,440115.4335,4424084.36,0
414,441339.2071,4422812.874,441340.1236,4422896.245,0
415,440349.8488,4421287.193,438831.5447,4421290.737,0
416,443583.8239,4419275.019,441916.2797,4421184.523,0
417,439207.0942,4419706.925,444008.1104,4422526.825,0
418,444003.0652,4423415.396,437652.5797,4420584.794,0
419,440538.4759,4423268.155,440005.6784,4424533.31,0
420,442582.0636,4420134.525,439204.301,4419266.481,0
421,443338.933,4422679.133,443781.1338,4418672.691,0
422,437926.9869,4421320.058,443332.7938,4419225.258,0
423,441733.463,4418884.056,443157.3121,4423882.288,0
424,439250.3952,4423294.02,438265.0208,4421058.622,0
425,443057.5369,4419403.07,440556.7688,4421283.424,0
426,441789.6007,4419139.769,441739.9877,4419361.47,0
427,439433.4652,4421277.049,438212.4264,4423762.902,0
428,441176.0541,4422783.333,444131.4288,4422806.072,0
429,443933.6538,4419270.076,440482.1396,4420212.992,0
430,439204.4103,4419143.929,440026.4043,4422760.665,0
431,443847.102,4419149.378,439728.4403,4422338.966,0
432,442658.513,4419547.86,439956.7784,4419737.602,0
433,439221.485,4420524.49,439063.6068,4420721.679,0
434,442942.4002,4419880.217,437819.6312,4419451.695,0
435,439307.293,4423902.292,443417.6728,4422464.038,0
436,443404.5688,4422157.552,440542.1888,4423496.477,0
437,440841.1734,4419838.407,438347.9171,4424263.639,0
438,439120.3202,4424090.476,439368.9741,4423146.752,0
439,443623.0088,4422170.167,443685.9526,4423562.2,0
440,442658.4453,4419538.841,437663.5824,4421358.955,0
441,437907.0945,4424611.623,440672.8268,4424266.11,0
442,443583.787,4420020.519,439014.148,4423934.261,0
443,442828.4903,4418923.951,440489.6714,4422194.947,0
444,441205.899,4421218.944,443603.4811,4418753.196,0
445,439421.5473,4421187.848,439659.0373,4421252.676,0
446,437932.2616,4419451.26,439765.9058,4423072.125,0
447,439207.6581,4419458.106,440628.2892,4419433.65,0
448,440390.6562,4423803.974,438038.5595,4420039.477,0
449,440012.3853,4422711.667,441239.1311,4421217.183,0
450,439755.4394,4421887.217,443439.7699,4421147.317,0
451,443858.5443,4422200.207,439808.9861,4419481.03,0
452,442989.2624,4420391.652,441734.465,4419051.627,0
453,439452.2357,4421276.86,440494.9158,4423280.984,0
454,442980.2018,4422165.882,441020.3053,4423015.814,0
455,440656.5188,4421277.814,440473.2337,4423646.532,0
456,443260.2814,4419385.899,437691.5018,4420301.169,0
457,439808.1111,4420298.411,439421.3579,4421783.383,0
458,439322.528,4422511.987,440908.1664,4423664.613,0
459,438148.5639,4424227.64,443325.1936,4422171.524,0
460,441617.9063,4419998.416,438365.3116,4422734.343,0
461,438172.4878,4423187.092,440479.2033,4421336.744,0
462,441838.504,4423030.232,443021.4945,4421977.36,0
463,439403.1922,4422429.308,439374.8731,4423080.449,0
464,440860.7318,4419834.628,443487.0285,4419920.62,0
465,440480.7279,4423623.347,443235.7991,4418845.929,0
466,444115.36,4419492.657,440205.5222,4422302.317,0
467,441106.8958,4423925.867,437920.9789,4424617.479,0
468,438334.6581,4422835.804,440209.2766,4421253.054,0
469,439631.4878,4424439.415,440531.1304,4421943.212,0
470,438354.972,4422632.551,442645.783,4419756.594,0
471,437974.0018,4423180.407,441575.3285,4419142.017,0
472,442646.48,4419366.116,441833.7469,4423090.203,0
473,437814.1899,4420583.165,440524.3357,4420612.769,0
474,441601.8062,4421207.851,442518.2963,4422156.792,0
475,440010.4454,4419596.831,439306.5594,4423884.588,0
476,441188.018,4418638.835,440531.554,4422084.472,0
477,439322.4772,4422513.446,440488.8418,4422417.4,0
478,441413.8778,4419499.599,439793.9357,4423076.354,0
479,439241.2096,4423403.624,440737.142,4423634.701,0
480,439738.6909,4421293.847,439341.8588,4421251.967,0
481,438993.9677,4423110.917,442086.1468,4423327.882,0
482,443768.9863,4418905.797,441846.8119,4422927.316,0
483,438188.8154,4422710.595,441482.1159,4420027.36,0
484,438187.3959,4422558.837,444122.2242,4419836.544,0
485,441840.3741,4421177.138,442980.0087,4420183.035,0
486,439221.0503,4420523.387,443598.6951,4418756.755,0
487,440487.2394,4423329.607,443198.6115,4419491.365,0
488,441693.4984,4421702.551,440006.0441,4419526.184,0
489,438431.3753,4424417.065,438045.9581,4424646.667,0
490,442741.5519,4418880.722,443885.1244,4418781.442,0
491,443636.9202,4422478.424,439338.5615,4420944.544,0
492,442689.6867,4424680.847,443639.8558,4419924.195,0
493,440119.8123,4422619.523,440539.7066,4422709.546,0
494,439419.7041,4421131.191,438637.1189,4421298.061,0
495,443957.4458,4418688.386,443750.6025,4418580.507,0
496,439811.1012,4419661.284,442496.3192,4423474.326,0
497,439418.858,4421070.765,440710.9869,4424271.073,0
498,443913.4164,4422982.911,440785.8111,4423651.574,0
499,443824.3849,4419598.455,444012.1791,4423403.169,0
500,443834.8304,4420070.912,439985.4207,4419880.956,0
501,439999.2654,4419886.544,440115.7271,4422196.546,0
502,438207.5499,4419043.527,439811.8147,4420283.902,0
503,439810.719,4419612.794,438887.6578,4423771.464,0
504,441176.0105,4422850.019,439222.5005,4424603.549,0
505,443630.3451,4422687.187,439054.6943,4423654.551,0
506,440905.5124,4422433.13,438184.5609,4420038.818,0
507,441739.8715,4424079.696,439559.0526,4421147.525,0
508,439812.7718,4423080.023,443928.769,4423462.303,0
509,442427.9867,4421145.867,440646.0104,4423587.801,0
510,438720.7762,4422189.258,438215.0615,4420915.085,0
511,442068.0286,4420145.895,438674.3897,4422179.462,0
512,437970.6957,4421319.193,439588.7397,4423061.093,0
513,439797.268,4423396.917,442316.9807,4421162.224,0
514,439565.824,4418716.452,439579.3765,4424424.839,0
515,442873.3657,4418978.114,440055.0333,4423736.971,0
516,441147.2417,4424635.431,439861.4562,4422375.552,0
517,439883.3466,4424308.54,439722.4333,4424490.279,0
518,439750.5131,4422759.397,438384.1665,4421690.969,0
519,442573.5918,4421926.156,443559.9777,4419088.582,0
520,441751.637,4423952.554,438651.3146,4423834.272,0
521,442429.1923,4419419.706,437672.8275,4423352.814,0
522,442658.6603,4419591.288,439325.567,4422342.774,0
523,444078.3523,4419261.037,438287.6363,4421310.324,0
524,439914.6332,4424276.683,442509.0891,4419742.63,0
525,440507.9622,4421253.496,443405.7159,4421562.433,0
526,442722.8856,4424369.528,440203.908,4423425.939,0
527,437923.9052,4424618.358,441450.2594,4419453.937,0
528,444087.5563,4420607.484,440485.9886,4422829.658,0
529,440327.8732,4420028.773,441680.2302,4424530.945,0
530,438365.5424,4422573.168,440901.6989,4422569.699,0
531,439551.5814,4421254.792,439421.769,4421215.782,0
532,440077.7714,4423079.412,439491.2862,4424630.423,0
533,443914.0307,4422163.702,440776.5811,4424280.549,0
534,440288.7515,4421713.039,443356.8397,4421577.323,0
535,441333.2171,4422934.306,440789.0078,4423682.102,0
536,438215.6094,4420919.888,441794.6693,4421194.031,0
537,438612.5942,4420691.57,441173.8614,4421220.342,0
538,438024.4742,4421340.864,443494.8831,4424011.994,0
539,442896.308,4419881.839,442536.9372,4422607.157,0
540,443332.6933,4420419.537,442541.6217,4418677.918,0
541,443286.7003,4423277.091,438478.4603,4422183.323,0
542,441953.4885,4418597.511,439780.6773,4423074.263,0
543,440461.1684,4424145.591,439341.0862,4421595.792,0
544,441354.0342,4418826.929,441707.1146,4424431.945,0
545,443537.5292,4422830.834,439583.152,4418716.314,0
546,440011.2852,4419890.33,442831.5874,4421699.684,0
547,443322.4358,4422707.892,440903.6468,4423877.962,0
548,441968.2175,4422455.165,439814.6449,4419904.735,0
549,443821.4425,4419606.628,437690.835,4420438.056,0
550,439792.7144,4423213.595,440161.0495,4422619.148,0
551,443925.0438,4419269.73,442145.1232,4420141.316,0
552,443654.4868,4419072.862,439228.0227,4423748.909,0
553,439906.0092,4419738.029,437965.1952,4423175.482,0
554,443655.37,4419146.086,443280.2944,4423221.77,0
555,438673.5444,4422173.031,440371.9062,4424558.936,0
556,443132.6149,4420471.737,443585.7601,4418771.317,0
557,439425.1169,4420589.456,437881.4677,4420582.506,0
558,440529.4689,4421706.211,438212.248,4419852.265,0
559,438576.0295,4422477.633,440056.8528,4422303.677,0
560,441825.6577,4421178.156,440444.5999,4421293.163,0
561,442557.7345,4421679.334,439867.8876,4421716.558,0
562,439467.1005,4424659.216,443965.2999,4419269.885,0
563,437598.2281,4421432.798,437593.3167,4421320.91,0
564,442500.8028,4419418.124,440034.2843,4423506.49,0
565,439987.8322,4424223.286,440157.3888,4423789.483,0
566,438325.9242,4422895.764,442677.498,4419888.542,0
567,439179.7651,4420699.366,440452.4281,4424383.964,0
568,443240.4612,4419392.319,438637.3754,4421315.056,0
569,442333.4876,4422568.8,444113.9804,4418871.274,0
570,439334.1386,4420869.69,441060.0863,4421669.396,0
571,441777.1433,4423698.962,439260.6479,4421279.961,0
572,443858.7444,4422164.201,439008.5199,4423122.112,0
573,442980.5689,4422138.419,442133.8707,4424330.974,0
574,442507.6764,4422381.111,438649.0218,4423549.568,0
575,438046.8053,4423177.054,442835.8398,4421979.859,0
576,441059.9227,4421648.209,441209.3021,4422955.042,0
577,439959.2043,4424525.526,443219.158,4423802.517,0
578,443301.2102,4423668.109,442988.9557,4420350.573,0
579,439745.8124,4424359.586,442786.0077,4424203.231,0
580,440523.1046,4420673.799,439330.245,4422178.534,0
581,437702.2837,4420203.163,440432.5749,4422617.712,0
582,441842.2043,4422881.847,442548.5841,4418771.183,0
583,439046.5256,4422197.906,443004.6085,4421863.075,0
584,443250.1822,4418838.086,440787.2506,4419850.723,0
585,437807.2765,4421321.396,443494.7292,4422847.956,0
586,444108.9115,4422904.061,438349.3725,4421308.499,0
587,437695.8577,4420202.659,442460.9207,4418866.955,0
588,442494.4916,4419418.171,438642.2502,4423457.533,0
589,441464.2964,4419420.714,440478.7815,4420765.634,0
590,438224.4328,4420974.14,437802.793,4421812.198,0
591,442242.2339,4421699.772,442797.1672,4418930.468,0
592,443018.9916,4423857.042,438846.2721,4423297.946,0
593,437626.947,4421302.519,443292.2245,4423329.31,0
594,441321.0424,4418822.608,438569.7047,4419446.337,0
595,438304.6953,4419731.625,444042.1204,4423352.893,0
596,439669.9151,4422196.718,443830.0231,4419862.599,0
597,443454.5594,4420971.882,438650.1455,4423629.333,0
598,437969.7509,4423389.393,438613.1505,4422183.976,0
599,444113.2892,4418922.546,443223.9425,4420194.627,0
600,440397.9799,4422618.052,438621.75,4423457.155,0
601,437622.7897,4421222.179,439342.9248,4421289.272,0
602,443315.2118,4420118.357,438135.5221,4420196.973,0
603,443597.8255,4420601.605,438887.9254,4423977.616,0
604,438545.9138,4420778.685,439686.0189,4423086.504,0
605,443160.4188,4423882.769,441850.2666,4422734.56,0
606,439948.5678,4424250.278,443263.7408,4419385.444,0
607,443884.016,4418829.005,440337.6569,4419435.272,0
608,441039.4154,4423008.78,442769.8069,4418940.522,0
609,438743.0688,4423514.404,442227.2238,4419945.045,2
610,438738.8444,4423558.835,442250.4479,4420346.541,2
611,438713.8214,4423515.01,442561.8237,4420031.548,2
612,438731.2183,4423596.888,442491.818,4419824.242,2
613,438708.8263,4423547.19,441720.4378,4419837.207,2
614,438733.6227,4423561.459,442609.5017,4419605.523,2
615,438716.3791,4423516.891,443003.4765,4420077.143,2
616,438708.6065,4423599.994,442159.9179,4420170.053,2
617,438718.3003,4423532.656,443154.0953,4419821.894,2
618,438721.2193,4423531.907,442507.6265,4420104.164,2
619,438712.6936,4423590.371,441772.9789,4419756.379,2
620,438719.8702,4423598.305,441639.15,4419841.664,2
621,438732.4772,4423573.872,441927.7679,4420088.346,2
622,438700.3632,4423506.651,442996.3023,4420126.39,2
623,438745.5063,4423595.872,442080.8187,4420325.193,2
624,438713.6158,4423584.937,441948.6918,4420393.379,2
625,438718.4058,4423541.922,442057.0112,4420106.206,2
626,438748.6782,4423554.039,442349.326,4419948.56,2
627,438738.7224,4423524.302,441541.9994,4420044.239,2
628,438732.937,4423519.749,441930.3411,4419886.169,2
629,438714.496,4423519.306,443094.8384,4420273.437,2
630,438738.7031,4423595.548,441551.783,4419976.246,2
631,438737.1139,4423504.005,442273.3507,4420376.503,2
632,438711.365,4423541.223,441540.9721,4419894.594,2
633,438734.7468,4423536.843,442758.5919,4419761.876,2
634,438702.3755,4423547.805,442230.2395,4419692.781,2
635,438723.3943,4423520.886,442064.402,4420370.797,2
636,438742.1356,4423534.781,443111.1221,4420020.788,2
637,438703.3863,4423587.491,441886.4263,4419887.261,2
638,438724.9569,4423559.36,442830.0175,4420040.325,2
639,438735.2286,4423510.337,442223.8643,4420290.492,2
640,438749.1379,4423501.481,442763.9262,4419923.137,2
641,438733.1496,4423572.266,442415.1871,4420112.776,2
642,438744.7352,4423563.018,441931.7311,4419780.131,2
643,438709.1566,4423576.773,441671.8782,4420292.124,2
644,438740.9657,4423553.178,441726.6866,4420397.006,2
645,438724.664,4423563.523,442166.7527,4420180.805,2
646,438705.7594,4423588.952,443108.8408,4419621.504,2
647,438743.3745,4423516.399,441843.9008,4420299.72,2
648,438722.7163,4423530.402,442878.9766,4420124.213,2
649,438708.0359,4423577.999,441606.0865,4420253.732,2
650,438748.9451,4423543.932,442197.2779,4420379.357,2
651,438727.7595,4423560.121,442433.1018,4419725.57,2
652,438715.3747,4423557.219,442511.4816,4419956.396,2
653,438740.1397,4423560.7,441543.2373,4419757.281,2
654,438704.6261,4423583.655,442194.5202,4419698.676,2
655,438747.6339,4423591.519,442134.1864,4420185.262,2
656,438704.0714,4423556.753,442127.5028,4420366.472,2
657,438720.7361,4423544.602,443018.9385,4419683.465,2
658,438737.7274,4423505.397,442849.582,4419947.898,2
659,438729.5479,4423501.68,442738.4565,4419949.794,2
660,438714.1476,4423578.447,441741.9067,4419668.146,2
661,438718.2926,4423561.473,443081.708,4420017.005,2
662,438749.1042,4423539.987,442352.2885,4419975.624,2
663,438743.5571,4423551.191,441725.9668,4419887.759,2
664,438737.7719,4423582.963,442736.8551,4420147.199,2
665,438713.2673,4423524.233,442704.3929,4419790.601,2
666,438737.9839,4423514.287,441709.3737,4420316.532,2
667,438721.2638,4423521.578,441621.1658,4419937.717,2
668,438737.4436,4423593.427,441827.3691,4419747.565,2
669,438743.5093,4423584.013,442561.1683,4420206.574,2
670,438723.4915,4423562.101,442863.6772,4420251.504,2
671,438721.98,4423598.386,442976.707,4420279.373,2
672,438707.3181,4423553.449,442975.0437,4420049.349,2
673,438741.2242,4423528.88,442120.5184,4419829.46,2
674,438701.7127,4423506.733,441874.7435,4419899.123,2
675,438704.9425,4423579.697,442570.5647,4419812.079,2
676,438709.3212,4423574.255,442111.3265,4419627.745,2
677,438731.9564,4423505.294,442107.1708,4419805.712,2
678,438701.0355,4423590.564,443163.8447,4419631.857,2
679,438725.4507,4423581.813,442731.2786,4420130.927,2
680,438702.1902,4423530.197,442084.1103,4419863.44,2
681,438701.2146,4423586.167,442249.8971,4420061.498,2
682,438744.5023,4423524.57,442073.0541,4419987.985,2
683,438743.0547,4423507.789,442116.2684,4419999.667,2
684,438719.9871,4423580.342,441889.1267,4419678.551,2
685,438708.8863,4423571.917,442746.8545,4420298.849,2
686,438741.7861,4423541.996,442564.3797,4419696.4,2
687,438729.1983,4423582.378,441855.0988,4420161.609,2
688,438706.7405,4423536.728,442625.9933,4420308.054,2
689,438729.9406,4423516.361,442004.8356,4420086.339,2
690,438727.6507,4423500.712,442702.3856,4420298.706,2
691,438736.6171,4423584.945,443135.8411,4419918.133,2
692,438737.1118,4423591.985,443078.4864,4419978.221,2
693,438738.1618,4423521.17,442623.4948,4420283.911,2
694,438720.9254,4423562.344,441991.4117,4419604.392,2
695,438717.3635,4423523.698,442796.8072,4420267.371,2
696,438735.905,4423529.163,441738.9098,4420182.299,2
697,438712.9718,4423506.391,442193.9684,4420355.518,2
698,438709.4408,4423584.2,441842.496,4420166.987,2
699,438730.5966,4423599.522,441895.4592,4419800.745,2
700,438728.755,4423502.21,441705.2774,4419803.809,2
701,438712.7985,4423558.883,442051.9149,4419852.574,2
702,438743.5341,4423517.522,442675.9993,4420396.717,2
703,438735.1289,4423515.732,441901.4249,4420050.036,2
704,438708.4452,4423592.385,442050.0885,4419866.942,2
705,438731.5395,4423584.522,442180.8759,4419970.945,2
706,438747.1388,4423594.82,441920.2473,4419755.248,2
707,438709.0585,4423579.582,442187.657,4419679.265,2
708,438744.5762,4423593.786,441845.3232,4419747.41,2
709,438725.6616,4423541.856,442141.4337,4420076.243,2
710,438715.5771,4423594.136,441903.5678,4420387.741,2
711,438740.3524,4423577.493,443020.9216,4420123.011,2
712,438702.6993,4423598.178,442527.4144,4419938.688,2
713,438700.8875,4423501.166,442158.5458,4419748.918,2
714,438742.3402,4423565.307,442437.2493,4420125.019,2
715,438710.8725,4423579.47,442319.4704,4420152.509,2
716,438736.5629,4423501.484,442863.9392,4419860.087,2
717,438738.2206,4423587.713,441617.1546,4419875.823,2
718,438729.0586,4423558.671,442349.6557,4420315.174,2
719,438729.1379,4423521.012,442729.7085,4420239.769,2
720,438720.9643,4423538.798,441909.9215,4420198.089,2
721,438720.6901,4423579.41,442590.7406,4420276.374,2
722,438708.2361,4423508.711,441723.6834,4419632.102,2
723,438717.758,4423515.161,442852.7477,4420117.23,2
724,438700.2934,4423512.571,442049.822,4419855.994,2
725,438704.5474,4423521.024,442080.7936,4420223.779,2
726,438732.5591,4423562.561,441934.8104,4419653.107,2
727,438742.7336,4423508.239,441677.9364,4419682.234,2
728,438731.4153,4423529.925,442870.6335,4419612.651,2
729,438737.532,4423558.665,442220.9823,4420283.152,2
730,438700.4377,4423580.237,442000.8557,4420378.347,2
731,438713.1116,4423584.91,441786.8403,4420361.958,2
732,438700.1712,4423574.948,441686.7682,4419770.395,2
733,438719.7225,4423530.56,442429.3894,4419923.014,2
734,438733.1372,4423572.495,443044.0488,4420302.387,2
735,438737.5875,4423504.465,443093.0069,4420110.757,2
736,438711.938,4423535.388,441850.9594,4419795.614,2
737,438709.3844,4423533.57,443001.019,4419855.722,2
738,438709.9183,4423575.871,442852.0273,4419677.975,2
739,438748.9957,4423550.328,442376.1346,4419647.842,2
740,438722.0948,4423581.36,442937.7929,4420189.831,2
741,438711.191,4423582.755,441745.1552,4420166.673,2
742,438748.8318,4423501.185,441782.1988,4420003.27,2
743,438716.1534,4423530.212,442059.302,4419835.51,2
744,438720.4836,4423528.708,442716.0068,4419705.032,2
745,438721.908,4423587.527,442681.1644,4420362.402,2
746,438726.2738,4423561.409,441666.8794,4420364.205,2
747,438748.2648,4423587.469,442574.2173,4419616.86,2
748,438706.9738,4423526.187,442890.5537,4419744.578,2
749,438723.226,4423501.272,443093.746,4419979.225,2
750,438735.4453,4423596.412,442629.9949,4420096.327,2
751,438712.2547,4423525.697,441547.9232,4419843.822,2
752,438740.5377,4423548.486,442413.2011,4419675.826,2
753,438708.9809,4423559.199,442945.0394,4419801.775,2
754,438710.4301,4423505.067,442326.2896,4420012.316,2
755,438707.0391,4423576.816,442961.5731,4419929.814,2
756,438702.0037,4423584.121,442863.8017,4420072.689,2
757,438710.2236,4423543.793,442271.5422,4419629.941,2
758,438705.4486,4423518.763,441739.6241,4420367.765,2
759,438708.4112,4423531.495,442071.3617,4419665.833,2
760,438729.9377,4423560.621,442120.6818,4420367.961,2
761,438744.2609,4423552.217,442442.3922,4420368.789,2
762,438723.0799,4423597.477,442817.0082,4419988.693,2
763,438709.2216,4423531.867,442318.9059,4420299.407,2
764,438730.7745,4423524.401,443143.0654,4420002.571,2
765,438718.03,4423510.558,442517.2876,4419653.226,2
766,438714.3598,4423538.343,442351.6508,4419844.586,2
767,438725.76,4423506.8,441545.4987,4419999.06,2
768,438702.4424,4423572.423,442251.3313,4419928.142,2
769,438705.2282,4423526.461,442553.6304,4420298.139,2
770,438739.8511,4423540.733,442833.2464,4420307.309,2
771,438700.672,4423598.624,441678.0532,4419897.274,2
772,438732.8614,4423580.605,442303.8391,4419645.296,2
773,438705.1738,4423570.011,442018.5611,4420241.66,2
774,438721.6768,4423508.486,441583.4768,4419981.561,2
775,438748.2189,4423546.703,442482.5147,4420174.901,2
776,438717.7536,4423527.687,442267.8538,4420306.612,2
777,438708.8581,4423526.351,443105.8784,4420069.041,2
778,438709.2632,4423514.88,442702.2354,4420398.249,2
779,438704.7621,4423512.27,441843.1671,4420388.441,2
780,438739.5158,4423570.293,441905.6707,4420388.599,2
781,438707.6061,4423521.893,441840.6087,4419915.603,2
782,438720.0396,4423583.293,442922.4884,4419673.64,2
783,438709.9318,4423512.361,441610.221,4420124.634,2
784,438739.0201,4423598.734,441773.4496,4419799.367,2
785,438747.7746,4423577.221,441679.8706,4420341.752,2
786,438703.1447,4423560.698,442748.0584,4419900.459,2
787,438727.9076,4423512.758,442757.0004,4420382.513,2
788,438739.8712,4423548.603,442004.8886,4420058.442,2
789,438711.0794,4423527.162,441648.1711,4420277.923,2
790,438744.3973,4423583.686,441763.8269,4419853.228,2
791,438748.561,4423543.987,443150.8976,4420394.57,2
792,438704.6939,4423591.164,441652.9491,4420165.735,2
793,438702.8005,4423521.887,441882.4742,4420136.033,2
794,438737.0851,4423563.256,443095.1482,4420377.108,2
795,438708.2096,4423590.581,442158.7991,4420107.378,2
796,438722.3765,4423525.309,442531.5672,4419810.146,2
797,438704.6981,4423581.304,441858.7645,4419931.6,2
798,438747.545,4423558.385,442227.9177,4420161.729,2
799,438707.6278,4423501.234,441933.5369,4419628.953,2
800,438702.2902,4423560.525,442065.3423,4420006.308,2
801,438728.5108,4423542.21,442622.8908,4420149.422,2
802,438721.0681,4423589.201,442780.4326,4419921.537,2
803,438708.0374,4423561.487,442860.0136,4420199.575,2
804,438719.4227,4423596.262,442784.6766,4419844.837,2
805,438711.0587,4423540.273,443047.8015,4419973.36,2
806,438706.0651,4423543.129,442278.3719,4419980.51,2
807,438709.3285,4423552.333,441712.1435,4419602.054,2
808,438718.4761,4423518.788,442885.8811,4420038.039,2
